Workbook
Name Slicer_Country: #N/A
Name Slicer_Stockcode: #N/A
Name Slicer_Year: #N/A

Sheet Dashboard
A1: ONLINE RETAIL SALES DASHBOARD
A3: Sales, Product, Customer & Market Performance Overview
A5: NET REVENUE | D5: UNIQUE ORDERS | G5: TOTAL QUANTITY | J5: CANCELLED ORDERS | M5: TOP 10 REVENUE SHARE
A7: ='Monthly - Pivot Tables'!B17 -> 9747747.9 | D7: =Cancellations!A2 -> 25900 | G7: ='Monthly - Pivot Tables'!E17 -> 5176450 | J7: =Cancellations!B2 -> 3836 | M7: ='Revenue Concentration'!C2 -> 16.5

Sheet Monthly - Pivot Tables
A3: Row Labels | B3: Sum of Total_Revenue | D3: Row Labels | E3: Sum of Total_Quantity | F3: Sum of Transaction_Records
A4: 40513 | B4: 748957.02 | D4: 40513 | E4: 342228 | F4: 42481
A5: 40544 | B5: 560000.26 | D5: 40544 | E5: 308966 | F5: 35147
A6: 40575 | B6: 498062.65 | D6: 40575 | E6: 277989 | F6: 27707
A7: 40603 | B7: 683267.08 | D7: 40603 | E7: 351872 | F7: 36748
A8: 40634 | B8: 493207.12 | D8: 40634 | E8: 289098 | F8: 29916
A9: 40664 | B9: 723333.51 | D9: 40664 | E9: 380391 | F9: 37030
A10: 40695 | B10: 691123.12 | D10: 40695 | E10: 341623 | F10: 36874
A11: 40725 | B11: 681300.11 | D11: 40725 | E11: 391116 | F11: 39518
A12: 40756 | B12: 682680.51 | D12: 40756 | E12: 406199 | F12: 35284
A13: 40787 | B13: 1019687.6 | D13: 40787 | E13: 549817 | F13: 50226
A14: 40817 | B14: 1070704.7 | D14: 40817 | E14: 570532 | F14: 60742
A15: 40848 | B15: 1461756.2 | D15: 40848 | E15: 740286 | F15: 84711
A16: 40878 | B16: 433668.01 | D16: 40878 | E16: 226333 | F16: 25525
A17: Grand Total | B17: 9747747.9 | D17: Grand Total | E17: 5176450 | F17: 541909

Sheet Monthly Performance
A1: Year | B1: Month | C1: Month_Name | D1: Period | E1: Total_Revenue | F1: Total_Quantity | G1: Transaction_Records | H1: Avg_Revenue_Per_Record
A2: 2010 | B2: 12 | C2: =TEXT(DATE(2000,Monthly_Performance[[#This Row],[Month]],1),"mmm") -> Dec | D2: =DATE(Monthly_Performance[[#This Row],[Year]],Monthly_Performance[[#This Row],[Month]],1) -> 40513 | E2: 748957.02 | F2: 342228 | G2: 42481 | H2: 17.6304
A3: 2011 | B3: 1 | C3: =TEXT(DATE(2000,Monthly_Performance[[#This Row],[Month]],1),"mmm") -> Jan | D3: =DATE(Monthly_Performance[[#This Row],[Year]],Monthly_Performance[[#This Row],[Month]],1) -> 40544 | E3: 560000.26 | F3: 308966 | G3: 35147 | H3: 15.933088
A4: 2011 | B4: 2 | C4: =TEXT(DATE(2000,Monthly_Performance[[#This Row],[Month]],1),"mmm") -> Feb | D4: =DATE(Monthly_Performance[[#This Row],[Year]],Monthly_Performance[[#This Row],[Month]],1) -> 40575 | E4: 498062.65 | F4: 277989 | G4: 27707 | H4: 17.976058
A5: 2011 | B5: 3 | C5: =TEXT(DATE(2000,Monthly_Performance[[#This Row],[Month]],1),"mmm") -> Mar | D5: =DATE(Monthly_Performance[[#This Row],[Year]],Monthly_Performance[[#This Row],[Month]],1) -> 40603 | E5: 683267.08 | F5: 351872 | G5: 36748 | H5: 18.593313
A6: 2011 | B6: 4 | C6: =TEXT(DATE(2000,Monthly_Performance[[#This Row],[Month]],1),"mmm") -> Apr | D6: =DATE(Monthly_Performance[[#This Row],[Year]],Monthly_Performance[[#This Row],[Month]],1) -> 40634 | E6: 493207.12 | F6: 289098 | G6: 29916 | H6: 16.486399
A7: 2011 | B7: 5 | C7: =TEXT(DATE(2000,Monthly_Performance[[#This Row],[Month]],1),"mmm") -> May | D7: =DATE(Monthly_Performance[[#This Row],[Year]],Monthly_Performance[[#This Row],[Month]],1) -> 40664 | E7: 723333.51 | F7: 380391 | G7: 37030 | H7: 19.533716
A8: 2011 | B8: 6 | C8: =TEXT(DATE(2000,Monthly_Performance[[#This Row],[Month]],1),"mmm") -> Jun | D8: =DATE(Monthly_Performance[[#This Row],[Year]],Monthly_Performance[[#This Row],[Month]],1) -> 40695 | E8: 691123.12 | F8: 341623 | G8: 36874 | H8: 18.74283
A9: 2011 | B9: 7 | C9: =TEXT(DATE(2000,Monthly_Performance[[#This Row],[Month]],1),"mmm") -> Jul | D9: =DATE(Monthly_Performance[[#This Row],[Year]],Monthly_Performance[[#This Row],[Month]],1) -> 40725 | E9: 681300.11 | F9: 391116 | G9: 39518 | H9: 17.240248
A10: 2011 | B10: 8 | C10: =TEXT(DATE(2000,Monthly_Performance[[#This Row],[Month]],1),"mmm") -> Aug | D10: =DATE(Monthly_Performance[[#This Row],[Year]],Monthly_Performance[[#This Row],[Month]],1) -> 40756 | E10: 682680.51 | F10: 406199 | G10: 35284 | H10: 19.348161
A11: 2011 | B11: 9 | C11: =TEXT(DATE(2000,Monthly_Performance[[#This Row],[Month]],1),"mmm") -> Sep | D11: =DATE(Monthly_Performance[[#This Row],[Year]],Monthly_Performance[[#This Row],[Month]],1) -> 40787 | E11: 1019687.6 | F11: 549817 | G11: 50226 | H11: 20.301987
A12: 2011 | B12: 10 | C12: =TEXT(DATE(2000,Monthly_Performance[[#This Row],[Month]],1),"mmm") -> Oct | D12: =DATE(Monthly_Performance[[#This Row],[Year]],Monthly_Performance[[#This Row],[Month]],1) -> 40817 | E12: 1070704.7 | F12: 570532 | G12: 60742 | H12: 17.627089
A13: 2011 | B13: 11 | C13: =TEXT(DATE(2000,Monthly_Performance[[#This Row],[Month]],1),"mmm") -> Nov | D13: =DATE(Monthly_Performance[[#This Row],[Year]],Monthly_Performance[[#This Row],[Month]],1) -> 40848 | E13: 1461756.2 | F13: 740286 | G13: 84711 | H13: 17.255802
A14: 2011 | B14: 12 | C14: =TEXT(DATE(2000,Monthly_Performance[[#This Row],[Month]],1),"mmm") -> Dec | D14: =DATE(Monthly_Performance[[#This Row],[Year]],Monthly_Performance[[#This Row],[Month]],1) -> 40878 | E14: 433668.01 | F14: 226333 | G14: 25525 | H14: 16.989932

Sheet Country - Pivot Tables
A3: Row Labels | B3: Sum of Total_Revenue | D3: Row Labels | E3: Sum of Transaction_Records | G3: Row Labels | H3: Sum of Total_Quantity
A4: United Kingdom | B4: 8187806.4 | D4: United Kingdom | E4: 495478 | G4: United Kingdom | H4: 4263829
A5: Netherlands | B5: 284661.54 | D5: Germany | E5: 9495 | G5: Netherlands | H5: 200128
A6: EIRE | B6: 263276.82 | D6: France | E6: 8557 | G6: EIRE | H6: 142637
A7: Germany | B7: 221698.21 | D7: EIRE | E7: 8196 | G7: Germany | H7: 117448
A8: France | B8: 197403.9 | D8: Spain | E8: 2533 | G8: France | H8: 110480
A9: Australia | B9: 137077.27 | D9: Netherlands | E9: 2371 | G9: Australia | H9: 83653
A10: Switzerland | B10: 56385.35 | D10: Belgium | E10: 2069 | G10: Sweden | H10: 35637
A11: Grand Total | B11: 9348309.5 | D11: Grand Total | E11: 528699 | G11: Grand Total | H11: 4953812
A14: Row Labels | B14: Sum of Avg_Revenue_Per_Record
A15: Netherlands | B15: 120.0597
A16: Australia | B16: 108.8779
A17: Japan | B17: 98.716816
A18: Sweden | B18: 79.211926
A19: Denmark | B19: 48.247147
A20: Lithuania | B20: 47.458857
A21: Singapore | B21: 39.827031
A22: Grand Total | B22: 542.39937

Sheet Country Performance
A1: Country | B1: Total_Revenue | C1: Total_Quantity | D1: Transaction_Records | E1: Unique_Orders | F1: Avg_Revenue_Per_Record
A2: United Kingdom | B2: 8187806.4 | C2: 4263829 | D2: 495478 | E2: 23494 | F2: 16.525065
A3: Netherlands | B3: 284661.54 | C3: 200128 | D3: 2371 | E3: 101 | F3: 120.0597
A4: EIRE | B4: 263276.82 | C4: 142637 | D4: 8196 | E4: 360 | F4: 32.122599
A5: Germany | B5: 221698.21 | C5: 117448 | D5: 9495 | E5: 603 | F5: 23.348943
A6: France | B6: 197403.9 | C6: 110480 | D6: 8557 | E6: 461 | F6: 23.069288
A7: Australia | B7: 137077.27 | C7: 83653 | D7: 1259 | E7: 69 | F7: 108.8779
A8: Switzerland | B8: 56385.35 | C8: 30325 | D8: 2002 | E8: 74 | F8: 28.16451
A9: Spain | B9: 54774.58 | C9: 26824 | D9: 2533 | E9: 105 | F9: 21.62439
A10: Belgium | B10: 40910.96 | C10: 23152 | D10: 2069 | E10: 119 | F10: 19.773301
A11: Sweden | B11: 36595.91 | C11: 35637 | D11: 462 | E11: 46 | F11: 79.211926
A12: Japan | B12: 35340.62 | C12: 25218 | D12: 358 | E12: 28 | F12: 98.716816
A13: Norway | B13: 35163.46 | C13: 19247 | D13: 1086 | E13: 40 | F13: 32.378877
... A39: Saudi Arabia | B39: 131.17 | C39: 75 | D39: 10 | E39: 2 | F39: 13.117

Sheet Products - Pivot Tables
A3: Row Labels | B3: Sum of Total_Quantity | D3: Row Labels | E3: Sum of Total_Revenue
A4: DOT | B4: 707 | D4: 79321 | E4: 53768.06
A5: POST | B5: 3003 | D5: 84879 | E5: 58959.73
A6: 79321 | B6: 10229 | D6: 22086 | E6: 63791.94
A7: 22423 | B7: 13033 | D7: POST | E7: 66230.64
A8: 47566 | B8: 18022 | D8: 23084 | E8: 66756.59
A9: 22086 | B9: 18902 | D9: 85099B | E9: 92356.03
A10: 23084 | B10: 30680 | D10: 85123A | E10: 97715.99
A11: 85123A | B11: 35025 | D11: 47566 | E11: 98302.98
A12: 84879 | B12: 36381 | D12: 22423 | E12: 164762.19
A13: 85099B | B13: 47363 | D13: DOT | E13: 206245.48
A14: Grand Total | B14: 213345 | D14: Grand Total | E14: 968889.63

Sheet Product Performance
A1: Stockcode | B1: Description | C1: Total_Quantity | D1: Total_Revenue
A2: DOT | B2: DOTCOM POSTAGE | C2: 707 | D2: 206245.48
A3: 22423 | B3: REGENCY CAKESTAND 3 TIER | C3: 13033 | D3: 164762.19
A4: 47566 | B4: PARTY BUNTING | C4: 18022 | D4: 98302.98
A5: 85123A | B5: WHITE HANGING HEART T-LIGHT HOLDER | C5: 35025 | D5: 97715.99
A6: 85099B | B6: JUMBO BAG RED RETROSPOT | C6: 47363 | D6: 92356.03
A7: 23084 | B7: RABBIT NIGHT LIGHT | C7: 30680 | D7: 66756.59
A8: POST | B8: POSTAGE | C8: 3003 | D8: 66230.64
A9: 22086 | B9: PAPER CHAIN KIT 50'S CHRISTMAS | C9: 18902 | D9: 63791.94
A10: 84879 | B10: ASSORTED COLOUR BIRD ORNAMENT | C10: 36381 | D10: 58959.73
A11: 79321 | B11: CHILLI LIGHTS | C11: 10229 | D11: 53768.06

Sheet Customer - Pivot Tables
A3: Row Labels | B3: Sum of Total_Revenue | D3: Row Labels | E3: Sum of Total_Quantity | G3: Row Labels | H3: Sum of Unique_Orders
A4: 17511 | B4: 88125.38 | D4: 14646 | E4: 196719 | G4: 14911 | H4: 248
A5: 14156 | B5: 113384.14 | D5: 12415 | E5: 77242 | G5: 15311 | H5: 118
A6: 12415 | B6: 123725.45 | D6: 14911 | E6: 77180 | G6: 14646 | H6: 77
A7: 14911 | B7: 132572.62 | D7: 17450 | E7: 69029 | G7: 14156 | H7: 66
A8: 17450 | B8: 187482.17 | D8: 18102 | E8: 64122 | G8: 18102 | H8: 62
A9: 18102 | B9: 256438.49 | D9: 17511 | E9: 63012 | G9: 13694 | H9: 60
A10: 14646 | B10: 279489.02 | D10: 13694 | E10: 61803 | G10: 17450 | H10: 55
A11: Grand Total | B11: 1181217.3 | D11: 14156 | E11: 57025 | G11: 17511 | H11: 46
D12: 16684 | E12: 49390 | G12: 16684 | H12: 31
D13: 15311 | E13: 37720 | G13: 12415 | H13: 26
D14: Grand Total | E14: 753242 | G14: Grand Total | H14: 789

Sheet Customer Performance
A1: Customer-ID | B1: Unique_Orders | C1: Total_Quantity | D1: Total_Revenue
A2: 14646 | B2: 77 | C2: 196719 | D2: 279489.02
A3: 18102 | B3: 62 | C3: 64122 | D3: 256438.49
A4: 17450 | B4: 55 | C4: 69029 | D4: 187482.17
A5: 14911 | B5: 248 | C5: 77180 | D5: 132572.62
A6: 12415 | B6: 26 | C6: 77242 | D6: 123725.45
A7: 14156 | B7: 66 | C7: 57025 | D7: 113384.14
A8: 17511 | B8: 46 | C8: 63012 | D8: 88125.38
A9: 16684 | B9: 31 | C9: 49390 | D9: 65892.08
A10: 13694 | B10: 60 | C10: 61803 | D10: 62653.1
A11: 15311 | B11: 118 | C11: 37720 | D11: 59419.34

Sheet Cancellations
A1: Total_Unique_Invoices | B1: Cancelled_Unique_Invoices | C1: Cancelled_Invoice_Records | D1: Cancellation_Quantity | E1: Cancellation_Revenue_Adjustment
A2: 25900 | B2: 3836 | C2: 9288 | D2: -277574 | E2: -896812.49

Sheet Revenue Concentration
A1: Top_10_Customer_Revenue | B1: Identified_Customer_Revenue | C1: Top_10_Revenue_Share_Percent
A2: 1369181.8 | B2: 8300065.8 | C2: 16.5
